feat_0,feat_1,class
0.5074564177062797,-4.774902689299832,1
0.31884026819821143,10.001272654140584,-1
